<?xml version="1.0" encoding="UTF-8"?>
<project-private xmlns="http://www.netbeans.org/ns/project-private/1">
    <editor-bookmarks xmlns="http://www.netbeans.org/ns/editor-bookmarks/2" lastBookmarkId="0"/>
    <open-files xmlns="http://www.netbeans.org/ns/projectui-open-files/2">
        <group>
            <file>file:/Users/jfaig/NetBeansProjects/ch12_ex1_sqlGateway/src/java/data/ConnectionPool.java</file>
            <file>file:/Users/jfaig/NetBeansProjects/ch12_ex1_sqlGateway/web/META-INF/context.xml</file>
            <file>file:/Users/jfaig/NetBeansProjects/ch12_ex1_sqlGateway/src/java/murach/sql/SqlGatewayServlet.java</file>
        </group>
    </open-files>
</project-private>
